{
    "_ColorR": 0.8476666808128357,
    "_ColorG": 0.9339622855186462,
    "_ColorB": 0.33922213315963747,
    "_RampLevels": 8.0,
    "_LightScalar": 0.699999988079071,
    "_HighColorR": 1.0,
    "_HighColorG": 1.0,
    "_HighColorB": 1.0,
    "_HighIntensity": 2.619999885559082,
    "_LowColorR": 0.28119438886642458,
    "_LowColorG": 0.8396226167678833,
    "_LowColorB": 0.8247969746589661,
    "_LowIntensity": 1.350000023841858,
    "_OutlineColorR": 0.0,
    "_OutlineColorG": 0.0,
    "_OutlineColorB": 0.0,
    "_OutlineSize": 14.760000228881836,
    "_RimColorR": 1.0,
    "_RimColorG": 1.0,
    "_RimColorB": 1.0,
    "_RimAlpha": 0.0,
    "_RimPower": 0.0,
    "_RimDropOff": 0.0,
    "_FresnelColorR": 0.488847941160202,
    "_FresnelColorG": 0.8509804010391235,
    "_FresnelColorB": 0.0,
    "_FresnelBrightness": 0.09600000083446503,
    "_FresnelPower": 0.8550000190734863,
    "_FresnelShadowDropoff": 0.2930000126361847,
    "_GradYCap": 0.0,
    "_GradIntensity": 0.0
}