{
    "_ColorR": 0.4901960790157318,
    "_ColorG": 0.2401333749294281,
    "_ColorB": 0.11372548341751099,
    "_RampLevels": 8.0,
    "_LightScalar": 0.8399999737739563,
    "_HighColorR": 0.9450981020927429,
    "_HighColorG": 0.8431373238563538,
    "_HighColorB": 0.3607843220233917,
    "_HighIntensity": 1.850000023841858,
    "_LowColorR": 0.23584908246994019,
    "_LowColorG": 0.0797724798321724,
    "_LowColorB": 0.058962270617485049,
    "_LowIntensity": 4.369999885559082,
    "_OutlineColorR": 0.0,
    "_OutlineColorG": 0.0,
    "_OutlineColorB": 0.0,
    "_OutlineSize": 0.0,
    "_RimColorR": 0.8235294818878174,
    "_RimColorG": 0.45098042488098147,
    "_RimColorB": 0.1411764770746231,
    "_RimAlpha": 0.14300000667572022,
    "_RimPower": 0.26600000262260439,
    "_RimDropOff": 0.4050000011920929,
    "_FresnelColorR": 0.9450981020927429,
    "_FresnelColorG": 0.8431373238563538,
    "_FresnelColorB": 0.3607843220233917,
    "_FresnelBrightness": 0.25,
    "_FresnelPower": 0.45399999618530276,
    "_FresnelShadowDropoff": 0.2770000100135803,
    "_GradYCap": 0.0,
    "_GradIntensity": 0.0
}