{
    "_ColorR": 0.8599919676780701,
    "_ColorG": 0.8599919676780701,
    "_ColorB": 0.8599919676780701,
    "_RampLevels": 2.0,
    "_LightScalar": 1.2300000190734864,
    "_HighColorR": 1.0,
    "_HighColorG": 1.0,
    "_HighColorB": 1.0,
    "_HighIntensity": 0.8600000143051148,
    "_LowColorR": 1.0,
    "_LowColorG": 1.0,
    "_LowColorB": 1.0,
    "_LowIntensity": 0.7699999809265137,
    "_OutlineColorR": 0.0,
    "_OutlineColorG": 0.0,
    "_OutlineColorB": 0.0,
    "_OutlineSize": 10.0,
    "_RimColorR": 1.0,
    "_RimColorG": 1.0,
    "_RimColorB": 1.0,
    "_RimAlpha": 0.0,
    "_RimPower": 0.0,
    "_RimDropOff": 0.0,
    "_FresnelColorR": 1.0,
    "_FresnelColorG": 1.0,
    "_FresnelColorB": 1.0,
    "_FresnelBrightness": 0.38199999928474429,
    "_FresnelPower": 0.7009999752044678,
    "_FresnelShadowDropoff": 0.13300000131130219,
    "_GradYCap": 0.0,
    "_GradIntensity": 0.0
}