{
    "_ColorR": 0.5102349519729614,
    "_ColorG": 0.6908243298530579,
    "_ColorB": 0.9245283007621765,
    "_RampLevels": 8.0,
    "_LightScalar": 1.3799999952316285,
    "_HighColorR": 1.0,
    "_HighColorG": 1.0,
    "_HighColorB": 1.0,
    "_HighIntensity": 1.5,
    "_LowColorR": 1.0,
    "_LowColorG": 1.0,
    "_LowColorB": 1.0,
    "_LowIntensity": 0.0,
    "_OutlineColorR": 0.0,
    "_OutlineColorG": 0.0,
    "_OutlineColorB": 0.0,
    "_OutlineSize": 5.179999828338623,
    "_RimColorR": 1.0,
    "_RimColorG": 1.0,
    "_RimColorB": 1.0,
    "_RimAlpha": 0.0,
    "_RimPower": 0.0,
    "_RimDropOff": 0.0,
    "_FresnelColorR": 0.5821021795272827,
    "_FresnelColorG": 0.9716981053352356,
    "_FresnelColorB": 0.7954840064048767,
    "_FresnelBrightness": 0.19699999690055848,
    "_FresnelPower": 0.19599999487400056,
    "_FresnelShadowDropoff": 0.1379999965429306,
    "_GradYCap": 0.0,
    "_GradIntensity": 0.0
}