{
    "_ColorR": 0.21142490208148957,
    "_ColorG": 0.3333333432674408,
    "_ColorB": 0.3843137323856354,
    "_RampLevels": 5.0,
    "_LightScalar": 1.7999999523162842,
    "_HighColorR": 0.9905660152435303,
    "_HighColorG": 0.7803043723106384,
    "_HighColorB": 0.7803043723106384,
    "_HighIntensity": 2.549999952316284,
    "_LowColorR": 0.30739206075668337,
    "_LowColorG": 0.25418299436569216,
    "_LowColorB": 0.4528301954269409,
    "_LowIntensity": 3.4100000858306886,
    "_OutlineColorR": 0.0,
    "_OutlineColorG": 0.0,
    "_OutlineColorB": 0.0,
    "_OutlineSize": 12.739999771118164,
    "_RimColorR": 1.0,
    "_RimColorG": 1.0,
    "_RimColorB": 1.0,
    "_RimAlpha": 0.12700000405311585,
    "_RimPower": 0.5019999742507935,
    "_RimDropOff": 0.0,
    "_FresnelColorR": 1.0,
    "_FresnelColorG": 1.0,
    "_FresnelColorB": 1.0,
    "_FresnelBrightness": 0.16099999845027924,
    "_FresnelPower": 0.3779999911785126,
    "_FresnelShadowDropoff": 0.7229999899864197,
    "_GradYCap": 0.0,
    "_GradIntensity": 0.0
}