{
    "_ColorR": 0.08904416114091873,
    "_ColorG": 0.650943398475647,
    "_ColorB": 0.2997669577598572,
    "_RampLevels": 8.0,
    "_LightScalar": 1.9299999475479127,
    "_HighColorR": 0.8584905862808228,
    "_HighColorG": 0.8584905862808228,
    "_HighColorB": 0.8584905862808228,
    "_HighIntensity": 2.619999885559082,
    "_LowColorR": 0.05896225571632385,
    "_LowColorG": 0.5,
    "_LowColorB": 0.49166178703308108,
    "_LowIntensity": 1.350000023841858,
    "_OutlineColorR": 0.0,
    "_OutlineColorG": 0.0,
    "_OutlineColorB": 0.0,
    "_OutlineSize": 12.609999656677246,
    "_RimColorR": 1.0,
    "_RimColorG": 1.0,
    "_RimColorB": 1.0,
    "_RimAlpha": 0.0,
    "_RimPower": 0.0,
    "_RimDropOff": 0.0,
    "_FresnelColorR": 0.488847941160202,
    "_FresnelColorG": 0.8509804010391235,
    "_FresnelColorB": 0.0,
    "_FresnelBrightness": 0.09600000083446503,
    "_FresnelPower": 0.8550000190734863,
    "_FresnelShadowDropoff": 0.2930000126361847,
    "_GradYCap": 0.0,
    "_GradIntensity": 0.0
}