{
    "_ColorR": 0.239215686917305,
    "_ColorG": 0.9058823585510254,
    "_ColorB": 0.8350811004638672,
    "_RampLevels": 2.0,
    "_LightScalar": 4.239999771118164,
    "_HighColorR": 1.0,
    "_HighColorG": 1.0,
    "_HighColorB": 1.0,
    "_HighIntensity": 5.900000095367432,
    "_LowColorR": 1.0,
    "_LowColorG": 1.0,
    "_LowColorB": 1.0,
    "_LowIntensity": 1.9900000095367432,
    "_OutlineColorR": 0.0,
    "_OutlineColorG": 0.0,
    "_OutlineColorB": 0.0,
    "_OutlineSize": 10.0,
    "_RimColorR": 1.0,
    "_RimColorG": 1.0,
    "_RimColorB": 1.0,
    "_RimAlpha": 0.0,
    "_RimPower": 0.0,
    "_RimDropOff": 0.0,
    "_FresnelColorR": 1.0,
    "_FresnelColorG": 1.0,
    "_FresnelColorB": 1.0,
    "_FresnelBrightness": 1.0,
    "_FresnelPower": 0.5139999985694885,
    "_FresnelShadowDropoff": 0.14399999380111695,
    "_GradYCap": 0.0,
    "_GradIntensity": 0.0
}