{
    "_ColorR": 0.6564168930053711,
    "_ColorG": 0.9339622855186462,
    "_ColorB": 0.925081729888916,
    "_RampLevels": 6.0,
    "_LightScalar": 1.1100000143051148,
    "_HighColorR": 0.8980392217636108,
    "_HighColorG": 0.792820394039154,
    "_HighColorB": 0.1725490242242813,
    "_HighIntensity": 7.980000019073486,
    "_LowColorR": 0.5471698045730591,
    "_LowColorG": 0.5471698045730591,
    "_LowColorB": 0.5471698045730591,
    "_LowIntensity": 2.069999933242798,
    "_OutlineColorR": 0.0,
    "_OutlineColorG": 0.0,
    "_OutlineColorB": 0.0,
    "_OutlineSize": 0.0,
    "_RimColorR": 1.0,
    "_RimColorG": 1.0,
    "_RimColorB": 1.0,
    "_RimAlpha": 0.0,
    "_RimPower": 0.0,
    "_RimDropOff": 0.0,
    "_FresnelColorR": 1.0,
    "_FresnelColorG": 1.0,
    "_FresnelColorB": 1.0,
    "_FresnelBrightness": 0.0,
    "_FresnelPower": 0.0,
    "_FresnelShadowDropoff": 0.0,
    "_GradYCap": 0.0,
    "_GradIntensity": 0.0
}